id,object,gripper_finger_1_joint,gripper_finger_2_joint,direction,qw,qx,qy,qz,pos-x,pos-y,pos-z,eps_l1,vol_l1,
0,pringles,-0.3,0.1,SIDE,0.5,-0.5,-0.5,-0.5,0,-140,50,0.01,0.0005,0
1,pringles,-0.3,0.1,SIDE,0.65328,-0.2706,-0.65328,-0.2706,100,-100,50,0.01,0.0005,1
2,pringles,-0.3,0.1,SIDE,0.70711,0,-0.70711,0,140,0,50,0.01,0.0005,2
3,pringles,-0.3,0.1,SIDE,0.65328,0.2706,-0.65328,0.2706,100,100,50,0.01,0.0005,3
4,pringles,-0.3,0.1,SIDE,0.5,0.5,-0.5,0.5,0,140,50,0.01,0.0005,4
5,pringles,-0.3,0.1,SIDE,0.2706,0.65328,-0.2706,0.65328,-100,100,50,0.01,0.0005,5
6,pringles,-0.3,0.1,SIDE,0,0.70711,0,0.70711,-140,0,50,0.01,0.0005,6
7,pringles,-0.3,0.1,SIDE,-0.2706,0.65328,0.2706,0.65328,-90,-100,50,0.01,0.0005,7
